Sequence, dest port, vc, length, delay
fix_dest_port_seq_, 'h2, 'h2, 'hb, 'h10
fix_dest_port_seq_, 'h2, 'h3, 'h23, 'h6
fix_dest_port_seq_, 'h2, 'h2, 'h24, 'h2
fix_dest_port_seq_, 'h2, 'h3, 'h26, 'hb
fix_dest_port_seq_, 'h2, 'h2, 'he, 'h1
fix_dest_port_seq_, 'h2, 'h3, 'hd, 'h8
fix_dest_port_seq_, 'h2, 'h2, 'h13, 'h10
fix_dest_port_seq_, 'h2, 'h2, 'h21, 'h2
fix_dest_port_seq_, 'h2, 'h1, 'h22, 'h5
fix_dest_port_seq_, 'h2, 'h1, 'h21, 'h9
fix_dest_port_seq_, 'h2, 'h3, 'h12, 'ha
fix_dest_port_seq_, 'h2, 'h3, 'hc, 'hd
fix_dest_port_seq_, 'h2, 'h1, 'h10, 'h8
fix_dest_port_seq_, 'h2, 'h3, 'h2a, 'h9
fix_dest_port_seq_, 'h2, 'h2, 'h1d, 'h3
short_packet_seq_, 'h2, 'h3, 'h3, 'h10
short_packet_seq_, 'h0, 'h1, 'h4, 'hb
short_packet_seq_, 'h2, 'h2, 'h4, 'h2
short_packet_seq_, 'h0, 'h1, 'h5, 'hb
short_packet_seq_, 'h2, 'h3, 'h6, 'h1
short_packet_seq_, 'h0, 'h1, 'h8, 'hd
short_packet_seq_, 'h2, 'h3, 'ha, 'h11
short_packet_seq_, 'h0, 'h2, 'h3, 'h3
short_packet_seq_, 'h2, 'h1, 'h6, 'ha
short_packet_seq_, 'h1, 'h3, 'h8, 'ha
short_packet_seq_, 'h3, 'h3, 'h3, 'hb
short_packet_seq_, 'h1, 'h1, 'h6, 'he
short_packet_seq_, 'h0, 'h2, 'h9, 'hd
short_packet_seq_, 'h2, 'h1, 'h5, 'ha
short_packet_seq_, 'h0, 'h1, 'h9, 'h8
long_packet_short_delay_seq_, 'h3, 'h3, 'h28, 'h4
long_packet_short_delay_seq_, 'h1, 'h1, 'h28, 'h3
long_packet_short_delay_seq_, 'h3, 'h3, 'h28, 'h2
long_packet_short_delay_seq_, 'h1, 'h1, 'h28, 'h3
long_packet_short_delay_seq_, 'h0, 'h1, 'h28, 'h1
long_packet_short_delay_seq_, 'h2, 'h2, 'h28, 'h1
long_packet_short_delay_seq_, 'h0, 'h1, 'h28, 'h1
long_packet_short_delay_seq_, 'h2, 'h2, 'h28, 'h3
long_packet_short_delay_seq_, 'h0, 'h2, 'h28, 'h2
long_packet_short_delay_seq_, 'h2, 'h3, 'h28, 'h2
long_packet_short_delay_seq_, 'h1, 'h1, 'h28, 'h3
long_packet_short_delay_seq_, 'h3, 'h2, 'h28, 'h2
long_packet_short_delay_seq_, 'h1, 'h3, 'h2c, 'h1
long_packet_short_delay_seq_, 'h0, 'h1, 'h32, 'h2
long_packet_short_delay_seq_, 'h2, 'h2, 'h28, 'h4
med_packet_fix_vc_seq_, 'h3, 'h1, 'h1a, 'hc
med_packet_fix_vc_seq_, 'h1, 'h1, 'he, 'h6
med_packet_fix_vc_seq_, 'h3, 'h1, 'h17, 'h12
med_packet_fix_vc_seq_, 'h1, 'h1, 'h19, 'h7
med_packet_fix_vc_seq_, 'h3, 'h1, 'hc, 'h11
med_packet_fix_vc_seq_, 'h1, 'h1, 'ha, 'h8
med_packet_fix_vc_seq_, 'h3, 'h1, 'h10, 'hd
med_packet_fix_vc_seq_, 'h1, 'h1, 'h18, 'h12
med_packet_fix_vc_seq_, 'h0, 'h1, 'h15, 'h5
med_packet_fix_vc_seq_, 'h2, 'h1, 'h28, 'h5
med_packet_fix_vc_seq_, 'h0, 'h1, 'he, 'h7
med_packet_fix_vc_seq_, 'h2, 'h1, 'h12, 'h9
med_packet_fix_vc_seq_, 'h1, 'h1, 'hf, 'h9
med_packet_fix_vc_seq_, 'h3, 'h1, 'hd, 'h6
med_packet_fix_vc_seq_, 'h1, 'h1, 'h10, 'h4
random_seq_, 'h3, 'h3, 'h10, 'hf
random_seq_, 'h1, 'h1, 'h4, 'h6
random_seq_, 'h3, 'h1, 'h1f, 'h2
random_seq_, 'h2, 'h1, 'h7, 'ha
random_seq_, 'h0, 'h3, 'h19, 'h1
random_seq_, 'h2, 'h1, 'h32, 'h8
random_seq_, 'h0, 'h1, 'ha, 'h10
random_seq_, 'h2, 'h2, 'h4, 'h2
random_seq_, 'h0, 'h2, 'h20, 'h5
random_seq_, 'h3, 'h3, 'h4, 'h9
random_seq_, 'h1, 'h3, 'h15, 'ha
random_seq_, 'h3, 'h2, 'h12, 'hd
random_seq_, 'h1, 'h2, 'ha, 'hc
random_seq_, 'h0, 'h1, 'hd, 'h9
random_seq_, 'h2, 'h1, 'hb, 'h3
